"","gc","ec","er","gr","hp"
"1",0.734537076454631,0.0536138411475317,0.0401631177913789,0.0820759180556314,0.0896100465508267
"2",0.683001375999892,0.0635602007177854,0.0226347172411044,0.158951433386986,0.0718522726542319
"3",0.759445636500755,0.0877423313924502,0.0202292093224501,0.104444010846463,0.0281388119378812
"4",0.553556376893865,0.100710513350407,0.0632195586542626,0.205891839784537,0.0766217113169284
"5",0.460158830466074,0.130768740152877,0.0906003561366075,0.177398061671096,0.141074011573346
"6",0.657544660452475,0.0489004699435915,0.070976979010807,0.180346503280401,0.0422313873127247
"7",0.646025530714393,0.0559802516463066,0.069197740554401,0.208521558119213,0.0202749189656866
"8",0.576139274861533,0.0601873829237223,0.118789066760209,0.145019160941168,0.0998651145133672
"9",0.651755351647221,0.0101657553544226,0.123193189211869,0.192376083563751,0.0225096202227369
"10",0.61498352237303,0.0210866583581703,0.126465291121239,0.174516984778757,0.0629475433688046
"11",0.529665219066588,0.0918391899745621,0.0839318050695545,0.154832489408573,0.139731296480722
"12",0.623649847383565,0.093251707092949,0.0340224519713584,0.124646704679343,0.124429288872785
"13",0.734258549192752,0.0239168219125158,0.0787980343828328,0.111966976327501,0.051059618184399
"14",0.542591928164788,0.0516109567205068,0.0758978029176558,0.178863914041477,0.151035398155573
"15",0.536306157984982,0.0421581996234125,0.205727875183703,0.166746893821165,0.0490608733867385
"16",0.567827362463872,0.0662366642166978,0.144196537811767,0.199863139196492,0.0218762963111713
"17",0.679827522491828,0.0441055918721811,0.0445534351500647,0.171261067593344,0.0602523828925818
"18",0.515608022921937,0.122789037049551,0.0409517465015515,0.133616703822745,0.187034489704217
"19",0.664629907131757,0.0608170420382656,0.110738265453263,0.110826574272174,0.052988211104541
"20",0.783581310195644,0.0343979862400714,0.0349391990469875,0.119082541537508,0.0279989629797892
"21",0.559078995597577,0.0709031605789036,0.217953875883377,0.119383122896788,0.0326808450433546
"22",0.658621158614718,0.0485939926396541,0.0924405752870121,0.156678013588364,0.0436662598702523
"23",0.598945116289603,0.0132729103383722,0.187200866563294,0.163235346128473,0.0373457606802582
"24",0.602775452923647,0.0431118920411854,0.152642615948439,0.128894603494737,0.0725754355919919
"25",0.714572154641134,0.0653744029923674,0.0289593912070297,0.117916923551912,0.0731771276075576
"26",0.644974159931447,0.0360890887713044,0.0429189099351832,0.25682698953645,0.0191908518256155
"27",0.578036262182087,0.0574313809813307,0.100979741566211,0.17321443421005,0.0903381810603206
"28",0.704010108104325,0.0313200524624832,0.0395219759660186,0.145104389008165,0.0800434744590081
"29",0.73217497977306,0.0701308411136163,0.0149649653884654,0.0845105150434756,0.0982186986813827
"30",0.823112681302443,0.0330101633656486,0.0413346512267534,0.0756567242886117,0.0268857798165431
"31",0.697122448968616,0.04284804361146,0.0138686331393726,0.224233880203959,0.0219269940765927
"32",0.732817497012313,0.0473025956818694,0.0434654958197377,0.147652954111338,0.0287614573747419
"33",0.640685184437814,0.0123984578896874,0.0431090347835029,0.258638404812548,0.0451689180764484
"34",0.69936558839582,0.058748594830876,0.0360374433559944,0.184371855386727,0.0214765180305828
"35",0.63613315121912,0.127931200679978,0.0431560871629973,0.14671597121758,0.0460635897203249
"36",0.584956984643492,0.0728102803412515,0.0521168633894051,0.147609642656997,0.142506228968855
"37",0.551481553108725,0.0798632798805332,0.164636293753427,0.113110744703529,0.0909081285537861
"38",0.721835249840013,0.0258208966579653,0.0164859190541156,0.216498521127316,0.0193594133205899
"39",0.71266421789216,0.0385530345324522,0.0255209572229963,0.158175704827084,0.0650860855253075
"40",0.629141702444994,0.0637888786882258,0.0625563469084173,0.223231735829574,0.021281336128789
"41",0.585388194939451,0.0377207771067596,0.124754123158976,0.204581900012259,0.0475550047825543
"42",0.608633575316738,0.0841429846992717,0.019350648900944,0.242914418082672,0.0449583730003743
"43",0.804239388454514,0.0312821101856429,0.0314174361556237,0.103914247985786,0.0291468172184338
"44",0.562611377529135,0.088659427206775,0.0985924874257661,0.149158151136268,0.100978556702055
"45",0.700395968666735,0.0312182590282706,0.0656425241337142,0.143665369817215,0.0590778783540653
"46",0.624620417520868,0.0741063519264262,0.036851704097293,0.156724969339229,0.107696557116183
"47",0.564153972477011,0.215251154637342,0.081101080228519,0.102554024532718,0.03693976812441
"48",0.757529912001762,0.0576483984599364,0.0510660922348002,0.107129879898964,0.0266257174045371
"49",0.706866599039617,0.0658816403607027,0.0601082867449117,0.12774043887305,0.0394030349817194
"50",0.598401157899536,0.06898821070381,0.0630645096997151,0.190778128001587,0.0787679936953518
"51",0.68219493759251,0.0416320665289982,0.0970614144924131,0.111369028469979,0.0677425529161001
"52",0.483161269658863,0.0938058052907326,0.136920426313934,0.211686864974358,0.0744256337621128
"53",0.708592329696459,0.0223037858287703,0.0425747657942187,0.185202627720305,0.0413264909602461
"54",0.593074496457243,0.0676459944334987,0.115801586025224,0.1364676146723,0.0870103084117337
"55",0.733485494647324,0.0189886374589721,0.0315991507054085,0.139877166211877,0.0760495509764187
"56",0.613762834145069,0.0645033772217134,0.0551916071404313,0.110456058096676,0.15608612339611
"57",0.632411427535794,0.0782096741118576,0.132387300963478,0.106099262424739,0.0508923349641316
"58",0.614413415194708,0.0273345659283339,0.0488163974951983,0.275005534091085,0.034430087290674
"59",0.523089374018128,0.112614594460036,0.117630144537463,0.149917571356136,0.0967483156282373
"60",0.679628947353648,0.0568760781988579,0.0438192603733983,0.17690114442877,0.0427745696453259
"61",0.638360871221077,0.0659844628855724,0.0838420942361957,0.13279713303717,0.0790154386199852
"62",0.654812143942695,0.14690542830754,0.0335463820130076,0.0643822327662902,0.100353812970467
"63",0.726591022443439,0.0223762996903632,0.0948126434412231,0.0963485610515343,0.0598714733734402
"64",0.784957365066642,0.0410131058968052,0.03301567011455,0.107033625752299,0.0339802331697033
"65",0.731636772350288,0.0370574819110854,0.0450692461937989,0.17028159289527,0.0159549066495578
"66",0.608926956979829,0.105117173839038,0.0486768498762574,0.181254635091279,0.0560243842135958
"67",0.502436196659843,0.137772171594417,0.101833237291392,0.146237789197476,0.111720605256872
"68",0.50152110237969,0.167403741909126,0.116768515468881,0.148119676329194,0.0661869639131089
"69",0.612017670327345,0.0865172029518115,0.0515762263965782,0.210077414198104,0.0398114861261609
"70",0.809368481961859,0.021057456322898,0.0260907254309348,0.10035811926434,0.0431252170199685
"71",0.564280260508688,0.0371206175027245,0.129363622085598,0.199193559320452,0.0700419405825377
"72",0.486330228104863,0.175457542384054,0.117158563741369,0.102814754890269,0.118238910879444
"73",0.517481168011764,0.123044250428419,0.0611527886826935,0.203355933300571,0.0949658595765521
"74",0.78122115505635,0.0363805090490951,0.0197611629733537,0.118341959547125,0.044295213374076
"75",0.634987820684138,0.0991139521947719,0.0804402696678272,0.0998621590191222,0.085595798434141
"76",0.784361191856486,0.0137711326247115,0.0232473658301674,0.153836644323817,0.0247836653648178
"77",0.551620845297145,0.0849061599180409,0.128086971947086,0.144376999129908,0.091009023707819
"78",0.667723024844742,0.091127316009899,0.0427298600629229,0.140784028690464,0.0576357703919724
"79",0.675508630103779,0.0415761062702065,0.088752010853878,0.150401478276178,0.0437617744959588
"80",0.761620374776302,0.0494587946493297,0.030550490768177,0.134351826504105,0.0240185133020869
"81",0.722765617201882,0.0667857578209673,0.0199039545819584,0.135366238721449,0.0551784316737436
"82",0.573641112550583,0.104274797752968,0.0800633059831666,0.108189448504626,0.133831335208656
"83",0.534258075785435,0.0974939058351466,0.0872435116081389,0.158198553526733,0.122805953244546
"84",0.639710852836747,0.123997288704825,0.0393405826086897,0.0774568508823131,0.119494424967426
"85",0.7105250320705,0.0516665820923995,0.0276285827361576,0.146400716317196,0.0637790867837469
"86",0.679539068913184,0.0411305966873757,0.0629555503147228,0.146666056964034,0.0697087271206831
"87",0.766604275379372,0.0570108613479309,0.0516243739154557,0.0818959693263356,0.0428645200309055
"88",0.724566063262819,0.02981045818938,0.0358305437881412,0.172254798714851,0.0375381360448089
"89",0.669140694950666,0.0361778793678977,0.114248265282262,0.091070194890553,0.0893629655086221
"90",0.649285139079091,0.047691823070678,0.117690404788109,0.112343287491607,0.0729893455705155
"91",0.829381064151551,0.0195829249142931,0.0351911462130902,0.0870660497113942,0.028778815009671
"92",0.829012578213396,0.0207111436567294,0.0227660828348394,0.100433222704382,0.0270769725906531
"93",0.617867986946404,0.0461195101587533,0.112065423281752,0.127126837409408,0.0968202422036823
"94",0.72134730421757,0.0231909901252587,0.0364604451521316,0.181789947727746,0.0372113127772939
"95",0.785720888403937,0.0172414547184651,0.050480527781724,0.0830840898077474,0.0634730392881266
"96",0.613763092670938,0.0343305143454756,0.096545637533026,0.179057248618859,0.0763035068317021
"97",0.628444995380767,0.0521450633262664,0.0500498439669193,0.190693314918502,0.0786667824075448
"98",0.634014985559505,0.0394780083413012,0.121336056484395,0.16761183485532,0.0375591147594785
"99",0.711450662070999,0.0381747478341583,0.0171222437098932,0.196473364517116,0.0367789818678332
"100",0.684941708742268,0.0455833841982046,0.0432450865260443,0.170370926093781,0.0558588944397028
"101",0.704857075926145,0.0457208645168085,0.0340873692497529,0.160942204986736,0.0543924853205573
"102",0.636333729772418,0.0430949165489191,0.0595602004977304,0.194080921929549,0.0669302312513842
"103",0.675314836546017,0.0559164480502507,0.0437217067928365,0.192293534233121,0.0327534743777742
"104",0.642337922648643,0.0898409383232477,0.0214985200696472,0.134952792862251,0.111369826096211
"105",0.614576472801742,0.0590106199443519,0.110479948385045,0.145676389347768,0.0702565695210935
"106",0.820887885837127,0.0377806717185274,0.0181981765981973,0.10809175999974,0.0150415058464085
"107",0.586646001656581,0.0576173889371078,0.085195608095396,0.210536261808524,0.0600047395023911
"108",0.804003718071583,0.0424763785016449,0.0260494909478334,0.0969191873716146,0.0305512251073236
"109",0.593795978846943,0.071090947780143,0.156446288185922,0.11037167893308,0.0682951062539111
"110",0.671357279519468,0.0397780906698246,0.0191124800302088,0.173359888608367,0.0963922611721318
"111",0.689992239048753,0.0586261538692727,0.0501420901639772,0.148971287088489,0.0522682298295086
"112",0.476043937556446,0.128354531689416,0.105242025621332,0.176610237608325,0.113749267524482
"113",0.60792707276814,0.0323234968874228,0.147316444510698,0.112758073833744,0.099674911999996
"114",0.438028731942767,0.197737217921414,0.178351685028293,0.146983787627379,0.038898577480147
"115",0.572495539100293,0.158497471532019,0.102026804306133,0.110357289300828,0.0566228957607268
"116",0.443021415879784,0.13615578991835,0.191908755566846,0.1295885938696,0.099325444765421
"117",0.743926578347321,0.0229345983462068,0.0444453394092571,0.140063603011994,0.0486298808852212
"118",0.660125650228671,0.0533730554206955,0.0223120409145767,0.174355872031491,0.0898333814045657
"119",0.765848639753205,0.0335165002380243,0.0620696438313086,0.0770613548255127,0.0615038613519496
"120",0.674970383580253,0.0357471062891892,0.0772675412556286,0.143000850509264,0.0690141183656651
"121",0.808727734874881,0.0366580173243805,0.0117012942270466,0.0899540849645779,0.0529588686091139
"122",0.732980544789709,0.0625840069324546,0.0287359163204003,0.116442673100257,0.0592568588571802
"123",0.580993985749038,0.0902660269064231,0.0973014693321135,0.139586624144985,0.0918518938674402
"124",0.638283444555739,0.0954537786923349,0.03416322258028,0.145641886418257,0.0864576677533889
"125",0.743184378025362,0.0561679058959264,0.0365061303808323,0.137467524894702,0.0266740608031776
"126",0.745579784905682,0.0145710055742887,0.0675097291084205,0.144096346445476,0.0282431339661321
"127",0.652509228847666,0.0315208179877171,0.0617624495904622,0.226687263390009,0.0275202401841455
"128",0.620782687533836,0.0620139833313747,0.0963508696277527,0.132175749284916,0.0886767102221208
"129",0.634362581611667,0.0775389515546193,0.0502012975155397,0.163567849189484,0.0743293201286899
"130",0.645477418877204,0.0681159341458725,0.094207174624645,0.13090807385377,0.0612913984985092
"131",0.482515082045491,0.0130176629989081,0.279289088907085,0.15072918178682,0.0744489842616959
"132",0.524871091560186,0.10673873280529,0.132742925293596,0.134078565473867,0.101568684867061
"133",0.658120624399126,0.0947905545103303,0.0315053130718645,0.125327750928794,0.0902557570898853
"134",0.707078329659738,0.0238443364025136,0.0539355259783208,0.198672306033639,0.0164695019257889
"135",0.58825791734456,0.0995742502738835,0.0824052059663671,0.13946995920868,0.0902926672065094
"136",0.708542994191701,0.0338323918779864,0.0468770284224091,0.188473742119087,0.0222738433888159
"137",0.652268812373103,0.0350610882938349,0.122618990116581,0.132877013153723,0.0571740960627584
"138",0.597778654609936,0.11818950450573,0.0601695506071385,0.0761779621707581,0.147684328106438
"139",0.555207898783585,0.0932239784669828,0.0910562853579819,0.111281848615021,0.14922998877643
"140",0.576198102468399,0.135795906418276,0.0532080579828966,0.13207384742565,0.102724085704779
"141",0.573862123607124,0.0621836321430299,0.0845052734361321,0.241499370225675,0.0379496005880395
"142",0.80464700165867,0.0372505573849916,0.0222819845207932,0.121119081683414,0.0147013747521318
"143",0.618093791714437,0.041232479289487,0.110875798298197,0.151063396990915,0.0787345337069639
"144",0.660237004447952,0.0382844204735262,0.0501171105021187,0.198870480770364,0.0524909838060386
"145",0.535755639063589,0.0367467999578329,0.132670766935532,0.194858855823504,0.0999679382195421
"146",0.696056197730118,0.0734589250672567,0.0316557904216611,0.109310450614615,0.0895186361663497
"147",0.71285578662529,0.0391278571058903,0.0517789879554041,0.147965760186589,0.0482716081268264
"148",0.746835950262353,0.0402000860798368,0.0307509926755559,0.1132249085205,0.068988062461754
"149",0.757140535188239,0.0470598004149325,0.0429743721354696,0.128154172729117,0.0246711195322413
"150",0.711763149884121,0.0509698947781515,0.0506838408259842,0.163812678404254,0.0227704361074894
"151",0.487004858006346,0.0457055491627138,0.208541710660193,0.149383276128431,0.109364606042317
"152",0.48345719023198,0.0629728478803641,0.185767141111006,0.129654215201376,0.138148605575274
"153",0.618560215139454,0.0767389865170797,0.0635744874200503,0.14212515599149,0.0990011549319259
"154",0.576494176624862,0.066478431516285,0.091387535001889,0.214630334488667,0.0510095223682972
"155",0.529147775071269,0.0755178444325525,0.115612395431822,0.20898687862657,0.0707351064377869
"156",0.657243837122402,0.0257080783381501,0.0955608230866985,0.166944269925592,0.0545429915271577
"157",0.644639879560143,0.0254857169757224,0.0920679539058154,0.126971244398741,0.110835205159577
"158",0.683134459008436,0.0283736860381368,0.0668865727451163,0.150578634340259,0.0710266478680525
"159",0.543114840670745,0.0261966843349204,0.198422302251241,0.197596195688739,0.0346699770543549
"160",0.644874397858612,0.0958464283729154,0.0234936980013999,0.17878135883187,0.0570041169352031
"161",0.508653654576259,0.0993676961122293,0.0528370648971686,0.248785107359202,0.0903564770551407
"162",0.640385421661315,0.070650453259065,0.044872025333955,0.207052603215101,0.0370394965305639
"163",0.560094765547468,0.135246744329664,0.0940416655445871,0.122709601354328,0.0879072232239533
"164",0.722117361971662,0.047716269746173,0.0466365707239985,0.151367559932491,0.0321622376256759
"165",0.627038620741144,0.0309444257238408,0.106687328597061,0.183867442094362,0.0514621828435917
"166",0.766777300513277,0.0508450703876532,0.0360876675894277,0.10532662438604,0.0409633371236017
"167",0.735649451301914,0.023111737521883,0.103864142469857,0.10356278392202,0.0338118847843254
"168",0.755246275911719,0.0643528854115239,0.0339857919653337,0.116425909354369,0.0299891373570544
"169",0.654036381704372,0.0515138954672387,0.0609164415302513,0.198168153382918,0.03536512791522
"170",0.54061785089989,0.130021269531671,0.102557801590618,0.1058844177883,0.120918660189522
"171",0.421546131692484,0.179459159706398,0.148474134037958,0.136047257227436,0.114473317335724
"172",0.520785721874112,0.0957205844448216,0.141798713823167,0.134705127154658,0.106989852703241
"173",0.661333318674726,0.11194510350891,0.0842555310139124,0.107917228325291,0.0345488184771605
"174",0.624068306452187,0.0647984633098621,0.0429994785682756,0.210697669121863,0.0574360825478118
"175",0.808431179213846,0.0188829403864116,0.0105599553943126,0.120321886598611,0.0418040384068182
"176",0.695338435522428,0.0241124997851931,0.115710823865104,0.076819336490009,0.0880189043372654
"177",0.511569274073561,0.0750564938280548,0.0941698723609808,0.186345046117307,0.132859313620097
"178",0.55388454927553,0.0973374459879926,0.111139062355752,0.176731082706675,0.0609078596740505
"179",0.63400718567856,0.0305681791176013,0.0800688460281821,0.20525085935749,0.0501049298181667
"180",0.605877249815198,0.0605125326035554,0.0739042875855025,0.200255469290837,0.0594504607049068
"181",0.639262641590355,0.0169502195505176,0.116304091296123,0.20547604559312,0.0220070019698845
"182",0.651385522847867,0.0473081892855154,0.0495650295253843,0.171720584857151,0.0800206734840825
"183",0.720066868559191,0.0803248559022419,0.0362208142862087,0.1333656966254,0.0300217646269583
"184",0.727544989652232,0.0703708857327303,0.0559603215583836,0.111276295482714,0.0348475075739404
"185",0.710923836660301,0.0472729909673386,0.109431282687433,0.104329908600371,0.0280419810845564
"186",0.533042567550918,0.156449467626671,0.0582046700004174,0.141891216820743,0.11041207800125
"187",0.704663792181049,0.0398133507467961,0.0345487487723684,0.202171130758454,0.0188029775413326
"188",0.487873541853586,0.128136222323098,0.0888426309357383,0.209095658718905,0.0860519461686729
"189",0.475866266098238,0.154833950788138,0.134328704552195,0.121209545752847,0.113761532808582
"190",0.552052922856918,0.0813018155749851,0.109544118293021,0.145292351650034,0.111808791625042
"191",0.740863563903583,0.0419646225507616,0.0403808749465746,0.0909917814917765,0.0857991571073041
"192",0.582044092954432,0.161102080695864,0.0294020373234062,0.128752908580611,0.0986988804456869
"193",0.627457385827471,0.0557684099188332,0.108807861013645,0.1552119943663,0.052754348873751
"194",0.733676128675279,0.0087471397815137,0.0460118375440919,0.170478342337983,0.0410865516611327
"195",0.804381160858646,0.0280861425988717,0.032801793748499,0.119885252651553,0.014845650142431
"196",0.491989558243542,0.108312662840177,0.136453214024864,0.110812209875865,0.152432355015552
"197",0.725577158085885,0.126153316325498,0.028395599427541,0.104210727056861,0.015663199104216
"198",0.646939019109332,0.042822458925198,0.0818532313333204,0.132473844530688,0.0959114461014615
"199",0.776775070292467,0.02017209052763,0.0426349447538105,0.112011606712964,0.0484062877131294
"200",0.856989625063015,0.013627496317199,0.013853900950586,0.0820250815587298,0.0335038961104706
"201",0.566029550036098,0.0404344798962594,0.153840419620317,0.150535603631104,0.0891599468162212
"202",0.46383533267598,0.189629136899012,0.0523684831939617,0.221553289105209,0.0726137581258375
"203",0.650902486456895,0.152076544560959,0.0794232512594706,0.0771829000414598,0.0404148176812156
"204",0.677754959755203,0.0579418820626725,0.0406223457685863,0.183423336391972,0.040257476021566
"205",0.612184720806693,0.0528998423537117,0.0970491825983972,0.132522738797,0.105343515444198
"206",0.72458583272749,0.0295281969458748,0.0712449753402476,0.112927946843865,0.0617130481425224
"207",0.814937340306764,0.0175483870378766,0.0373662708848409,0.110969278297439,0.01917872347308
"208",0.688342776934494,0.0511093522626502,0.133142946614754,0.0895013245856842,0.0379035996024177
"209",0.734840702241313,0.0411017007949521,0.0464039943060705,0.13605523736696,0.041598365290705
"210",0.734409616263153,0.0559233367905547,0.0595432554931762,0.12868560594231,0.021438185510806
"211",0.596723629428599,0.0694925432566255,0.0601752524765564,0.199268040832974,0.0743405340052452
"212",0.684955333045944,0.091209190847298,0.0667660280884509,0.0998048675165621,0.0572645805017447
"213",0.700646781464018,0.0438956900966764,0.0618472941110611,0.12425023734265,0.0693599969855945
"214",0.586391001372735,0.0638494135851747,0.0827921507211067,0.16887694809174,0.0980904862292438
"215",0.686272454400814,0.0363139072656875,0.0402025089637884,0.184379846106456,0.0528312832632533
"216",0.574883978173826,0.032387325590196,0.150218912709045,0.214964707435379,0.0275450760915538
"217",0.699508046913518,0.074629202116337,0.0351537585046861,0.140162513899547,0.0505464785659119
"218",0.525816104323898,0.228043593790575,0.0455335815466338,0.143235394526565,0.0573713258123293
"219",0.72205285377117,0.0185312998871512,0.0518261875590496,0.192703889070135,0.0148857697124935
"220",0.700544011372323,0.0172437184376764,0.0730278576492268,0.1413032377905,0.0678811747502738
"221",0.599011427958017,0.0466320599456166,0.0690568008961618,0.223509318854356,0.0617903923458487
"222",0.743210359554587,0.0861455936154916,0.0254743540487918,0.0936110283381632,0.0515586644429663
"223",0.665732997948252,0.0693001203043225,0.0665135438216736,0.142236256503082,0.0562170814226688
"224",0.64790894398978,0.0175567637495487,0.0694085195001787,0.219749859541793,0.0453759132186992
"225",0.621760919429389,0.0291971443436151,0.0326285804407199,0.258684719552548,0.057728636233728
"226",0.705347070018466,0.034156260807047,0.052027781012563,0.157468924090458,0.0509999640714659
"227",0.529268487047814,0.0495052700799336,0.091348156799322,0.147646409973471,0.182231676099459
"228",0.764563292928013,0.0262783828343805,0.0290615279241857,0.146222031183173,0.0338747651302474
"229",0.693702419518373,0.0258039171860797,0.0755338230284165,0.169058817090743,0.0359010231763881
"230",0.61663993976619,0.0670011002159189,0.104863749826912,0.143678588902303,0.0678166212886766
"231",0.466084684919731,0.149662219653137,0.152067786658086,0.184776273043234,0.0474090357258118
"232",0.654949231226159,0.0490210646304571,0.150916796460057,0.111556790562076,0.0335561171212513
"233",0.596823487814861,0.12093710669594,0.031415089502874,0.205966753475104,0.0448575625112205
"234",0.706261606230556,0.0506104939737819,0.0267933192930615,0.127417602858102,0.0889169776444981
"235",0.613983918594725,0.0582523624277445,0.065110499179749,0.154131621750803,0.108521598046979
"236",0.527141274769438,0.0714739905851389,0.132860775717859,0.194480166356099,0.0740437925714642
"237",0.56650191305036,0.177040369046905,0.0455541732177951,0.1244688511191,0.0864346935658394
"238",0.515619037145376,0.160899404999536,0.0898927753537462,0.150032947638121,0.0835558348632203
"239",0.759500432783979,0.0386424505958844,0.0151810260181525,0.0989453492501858,0.0877307413517981
"240",0.641380311161174,0.0474843669976666,0.0517658635494054,0.230503164736155,0.0288662935555989
"241",0.76850879533964,0.0338757028582493,0.0529525169289719,0.0900909982693958,0.0545719866037428
"242",0.592284201438067,0.0839285210108051,0.0907327088921505,0.143627952572145,0.0894266160868323
"243",0.703758890244954,0.0189528116470084,0.0686700637554224,0.166728090371288,0.0418901439813279
"244",0.660045178385816,0.0359570246753327,0.0600344172623708,0.224332023038604,0.0196313566378768
"245",0.704306137792241,0.053180165458584,0.104837382137778,0.102480707370153,0.0351956072412436
"246",0.75383809478244,0.0833191570120359,0.0480698333498803,0.0760104473084443,0.0387624675471996
"247",0.712520736453452,0.0542912564506396,0.0299663484013229,0.160932461484735,0.0422891972098506
"248",0.661168118528101,0.0693469744900638,0.109241709783516,0.0915007069949397,0.068742490203379
"249",0.603439242378589,0.0371492146911604,0.0690615676617211,0.243363597353511,0.0469863779150188
"250",0.755522461717887,0.0717093104093354,0.0339497804675199,0.11502273563667,0.0237957117685874
"251",0.595785879538979,0.095028695300098,0.0713640126674662,0.195350000005765,0.0424714124876922
"252",0.517084694681619,0.0479113285387009,0.160916393229931,0.177691572360961,0.0963960111887887
"253",0.696848690281279,0.0933742724563325,0.0481165644051356,0.143315938482379,0.0183445343748742
"254",0.640397138110518,0.0499250954488881,0.104114938603505,0.153385507384901,0.0521773204521881
"255",0.593067236478767,0.0850245050069057,0.020608715029728,0.25503203979413,0.0462675036904686
"256",0.574057238891113,0.104504516064917,0.0554377397477262,0.138901382378333,0.12709912291791
"257",0.79146755952021,0.0465837184629238,0.0196588748592655,0.121909964258659,0.0203798828989418
"258",0.561583153071045,0.0707926117967264,0.133424506033264,0.202051576867652,0.032148152231313
"259",0.773909250502392,0.030394926831034,0.0527725917692019,0.0963848626814292,0.0465383682159435
"260",0.500545038485915,0.0697070241713264,0.2070861948984,0.110124058160263,0.112537684284095
"261",0.438835500035495,0.157958371325422,0.193861410304424,0.0954971421843731,0.113847576150286
"262",0.543149883193691,0.16981163028256,0.0214496169149161,0.203982376855228,0.0616064927536041
"263",0.800088236542656,0.045067087393913,0.0410229220889906,0.0827060062775023,0.0311157476969383
"264",0.650482401290071,0.0676285175360069,0.100114518329465,0.15127030098049,0.0305042618639671
"265",0.696409000312827,0.0524850484087836,0.038020065328732,0.123708264325141,0.0893776216245165
"266",0.638159899276814,0.129281018038033,0.0405107398001841,0.158800856577635,0.0332474863073334
"267",0.650495809017133,0.0436503698274173,0.0863893993297252,0.186877709092113,0.0325867127336116
"268",0.636113990583979,0.0268148133018106,0.130446768479915,0.165761028961413,0.0408633986728831
"269",0.602571616558441,0.113909244806792,0.0374862192504556,0.226966239231559,0.0190666801527526
"270",0.588931789746791,0.0245162687254364,0.264295236491098,0.0805488035132403,0.0417079015234343
"271",0.556053650600384,0.120933941177287,0.109432245331355,0.180168095832694,0.0334120670582798
"272",0.621678820137274,0.0467214497060408,0.128374694829666,0.169328112170064,0.0338969231569556
"273",0.606599055932786,0.126621399028433,0.0895192401066527,0.123423261549404,0.0538370433827243
"274",0.619072016359053,0.0427193687656375,0.105151737759329,0.180247328281045,0.0528095488349355
"275",0.675566320026599,0.124098656989209,0.0437064980398857,0.117180181247826,0.0394483436964796
"276",0.633966804082281,0.0734105527077633,0.0366577135817487,0.170019895850721,0.0859450337774858
"277",0.614065695403477,0.0479090165293471,0.11258703222904,0.146979244876809,0.0784590109613269
"278",0.662455319875242,0.0394310421554128,0.118944264546863,0.145908080915353,0.0332612925071291
"279",0.616664853253155,0.0737386525480599,0.0570665575740823,0.173450333570338,0.0790796030543648
"280",0.560435075574738,0.0762455590144855,0.186007213567752,0.11842847733997,0.0588836745030542
"281",0.827469698015425,0.0308027733489218,0.0343045978369941,0.0923023762594809,0.0151205545391779
"282",0.745986132465542,0.025922098167145,0.0519407314488647,0.149369992198373,0.0267810457200755
"283",0.762029128292053,0.0230505507736381,0.0340187462709269,0.139243485064257,0.0416580895991244
"284",0.520245026003094,0.148203090063655,0.118294574320415,0.158417204527483,0.0548401050853534
"285",0.6401346568167,0.0547763719732523,0.108245042633377,0.182752188325942,0.0140917402507286
"286",0.55446697609497,0.136715211709924,0.0917964275786375,0.138374438386585,0.0786469462298826
"287",0.58916663359772,0.0934989395687799,0.0902900435172801,0.202267803783951,0.024776579532269
"288",0.650118744693851,0.0405433175426233,0.11900101606847,0.1298504665117,0.0604864551833549
"289",0.608603497573487,0.0576510082617476,0.101514182972916,0.1627187694801,0.0695125417117498
"290",0.523563745073961,0.129324473199178,0.0920112044552319,0.147123937428261,0.107976639843367
"291",0.546174074105297,0.0307426666963038,0.14768608595913,0.200809475717807,0.0745876975214615
"292",0.463797140706941,0.144178444312065,0.135998289879869,0.146491495565973,0.109534629535153
"293",0.668929309696688,0.053630836334931,0.0411753920447689,0.202619761213222,0.03364470071039
"294",0.677358949963177,0.125878740523171,0.0352597371495888,0.0984585419482776,0.0630440304157856
"295",0.397645166600529,0.295606632355361,0.131947116278594,0.099682614393731,0.0751184703717848
"296",0.651430320516558,0.0683118080206728,0.0590563479945754,0.140893991155855,0.0803075323123382
"297",0.835014993043891,0.0138756735396617,0.0268295596773243,0.101952506625726,0.0223272671133966
"298",0.610591049951262,0.174181101016999,0.0252493661831051,0.133128745883368,0.0568497369652662
"299",0.61615106969106,0.0197000390949241,0.183033392766244,0.108104112086986,0.0730113863607863
"300",0.588803773753416,0.0540472321956201,0.107968720960853,0.199522917580022,0.0496573555100893
"301",0.547096602652676,0.105865154675353,0.0370740485165407,0.129166570535396,0.180797623620035
"302",0.670960475921579,0.0667864692058053,0.145835552466428,0.0798111225547685,0.0366063798514196
"303",0.738480699580931,0.0237300762362012,0.120435603563101,0.0979956520464638,0.0193579685733025
"304",0.822346333681674,0.0372126848815954,0.0200820961713081,0.0774453647050088,0.0429135205604137
"305",0.577137140552478,0.0128387089263744,0.198824880142385,0.185614095713588,0.0255851746651749
"306",0.584385877104469,0.137637263580615,0.0616061271872418,0.1326971264345,0.0836736056931743
"307",0.691588887040063,0.0683456300540638,0.0677899227577676,0.124483425218865,0.0477921349292404
"308",0.673423067552589,0.0776739159332037,0.0448709523491657,0.135796615741358,0.0682354484236833
"309",0.595690140376699,0.0438065263914038,0.16068005105629,0.158542152558692,0.0412811296169152
"310",0.523105024683121,0.168529323409044,0.106420873365114,0.139669141977658,0.0622756365650622
"311",0.517018537295236,0.0291129369737641,0.209741650780574,0.206960502687702,0.0371663722627251
"312",0.563655509875678,0.0367154473585757,0.232407511276432,0.131464000893081,0.035757530596234
"313",0.527073659078773,0.0379215532304821,0.183378912712094,0.0899677431547114,0.16165813182394
"314",0.307946185244033,0.0593408711141677,0.466660856903539,0.115212438987363,0.0508396477508974
"315",0.761908671442307,0.0202199910922322,0.0561106244560181,0.134896870680573,0.0268638423288696
"316",0.683476425473987,0.0512683762955039,0.0387142799382111,0.174189948412241,0.0523509698800568
"317",0.555957783852032,0.0955201321648945,0.107598534294216,0.214167915773965,0.0267556339148925
"318",0.787037638445886,0.0673968111181586,0.00963392758171383,0.101531682898554,0.0343999399556875
"319",0.720824938035155,0.0624334275906136,0.0363610171913014,0.0898991309421587,0.0904814862407711
"320",0.54258252335425,0.270451767618613,0.0665600110248861,0.0617561274972341,0.0586495705050162
"321",0.479440053319339,0.0557435845238231,0.262533446579706,0.136763353766155,0.0655195618109771
"322",0.521832236902098,0.0972614450729764,0.129017335887038,0.178161516444099,0.0737274656937882
"323",0.714893373408793,0.0593734400780466,0.0701235123944665,0.0689595247555635,0.0866501493631303
"324",0.52326756737464,0.144508208472838,0.111508810034855,0.142157636061134,0.0785577780565339
"325",0.575472036328359,0.15858560885191,0.104155429856403,0.139817625419853,0.0219692995434743
"326",0.544958694659463,0.07695611704395,0.12089523992742,0.157754696553528,0.0994352518156399
"327",0.713953430307431,0.0204278745853155,0.10235335167549,0.135517334275322,0.0277480091564418
"328",0.625687880824027,0.182942278638459,0.0622217465403889,0.100857412016409,0.0282906819807168
"329",0.658417874111754,0.0483575280702625,0.0490973110237012,0.199321512798986,0.044805773995297
"330",0.401520105852706,0.213906380402217,0.151053832852839,0.0791248307596596,0.154394850132579
"331",0.685499823251215,0.0673514664353131,0.0445019160723078,0.114079339652774,0.0885674545883907
"332",0.613156274986957,0.0207179630378116,0.110234418221569,0.163859219101058,0.0920321246526046
"333",0.66832004087451,0.0276236522800312,0.0801979704090774,0.131710843909531,0.0921474925268498
"334",0.669245674067413,0.0251623450930849,0.0719222710492003,0.210272290538781,0.0233974192515206
"335",0.560265240935208,0.0803952084300383,0.0537567254178019,0.122631006723499,0.182951818493453
"336",0.649023611916406,0.0597091896608012,0.0648105275297788,0.164115908541278,0.062340762351735
"337",0.669939099132582,0.0439505090614969,0.0793184744100488,0.141839663202948,0.0649522541929247
"338",0.644301241884234,0.0613988428574777,0.0953845119187626,0.127388011597931,0.071527391741595
"339",0.668578491920904,0.0668251076665464,0.0669199241940375,0.125135544753112,0.0725409314653995
"340",0.630707731593397,0.123768730124492,0.0298937892729581,0.128256104718895,0.0873736442902575
"341",0.418184232690144,0.275519549301584,0.0743911315133217,0.114804161843942,0.117100924651008
"342",0.708221253917482,0.0289158525859034,0.0403326284269829,0.17826311325472,0.0442671518149121
"343",0.578116597676213,0.0742485878638212,0.0969189984588662,0.131514890779617,0.119200925221482
"344",0.572129196323279,0.0764833457305087,0.107353106584935,0.131545710284471,0.112488641076807
"345",0.659060740897255,0.128430441016768,0.0433380855695011,0.0843982490573664,0.0847724834591093
"346",0.623427329181721,0.0358627921416941,0.0646345886688052,0.184497657771517,0.0915776322362628
"347",0.621439085389907,0.0419566447248041,0.139107575685993,0.117837571440623,0.0796591227586734
"348",0.514163505459668,0.0696280815645414,0.19014776414176,0.176556143178335,0.0495045056556957
"349",0.78280753714995,0.0282824711907885,0.0352449795064126,0.121100331276433,0.0325646808764162
"350",0.725568253929093,0.0886313051821569,0.021415386073613,0.093466290455474,0.0709187643596631
"351",0.646042720548702,0.0416136301226688,0.0677193823389106,0.161673378016055,0.0829508889736636
"352",0.802633065236612,0.0182137159698155,0.0125365826754673,0.126175453835048,0.040441182283057
"353",0.709250197825162,0.0634064385850863,0.031292091693667,0.0933180335906283,0.102733238305456
"354",0.658060191847554,0.041957716501549,0.0763403082274161,0.157402077522013,0.0662397059014681
"355",0.517258507188844,0.0556833558752729,0.127035979272594,0.233842666051508,0.0661794916117813
"356",0.642355024305448,0.084940284717828,0.0432598240381261,0.157360353491903,0.0720845134466942
"357",0.656163759767085,0.0355153873659816,0.0659521135857456,0.12155789379953,0.120810845481658
"358",0.688461701472628,0.0659513086262176,0.101233800810185,0.0565154378823772,0.0878377512085923
"359",0.726914988384237,0.0475709995599338,0.11173063704916,0.0740529663814821,0.0397304086251866
"360",0.780213294571846,0.0322594383053716,0.0525809267004135,0.111127453130015,0.0238188872923534
"361",0.707514299324803,0.0457939263329913,0.0445446141977714,0.153549176787409,0.0485979833570251
"362",0.543716787152916,0.0969108585059541,0.135018968131789,0.142523987594373,0.081829398614968
"363",0.630026174310202,0.0594596163760511,0.0609322474220255,0.181935913723678,0.0676460481680438
"364",0.686062354969907,0.0655913829283693,0.0599212334311238,0.159086105835314,0.0293389228352859
"365",0.65811811284148,0.0990166631718054,0.0713006667677797,0.10425357738989,0.0673109798290441
"366",0.753577623249603,0.117791981485215,0.0233064518789998,0.0803012607533398,0.0250226826328422
"367",0.733007107110884,0.0979586131172341,0.0523336049594857,0.0777532285678826,0.0389474462445138
"368",0.730713658060465,0.0520566692113561,0.0148226039512879,0.176893267741705,0.0255138010351866
"369",0.619205316173718,0.0493715106621495,0.161778677431134,0.131312817952318,0.0383316777806809
"370",0.831948322809095,0.034658019293228,0.0170841782179512,0.091906067627029,0.0244034120526967
"371",0.710030201516845,0.056853168462356,0.0618036840516171,0.137544071785554,0.0337688741836278
"372",0.726487381987985,0.0374858469088495,0.122610674108747,0.07788127520296,0.0355348217914581
"373",0.654445954645835,0.0216801753334805,0.0820013939322767,0.183015458313303,0.0588570177751056
"374",0.699788362754065,0.0265047970924026,0.0257285988819843,0.23291018449533,0.0150680567762181
"375",0.633049253391624,0.0646967048803845,0.045794965066592,0.200768522472345,0.0556905541890553
"376",0.457387541357538,0.0468617486637682,0.312016447240856,0.154925893244941,0.0288083694928968
"377",0.516969592730205,0.0616944925738408,0.243008957921389,0.11987583762319,0.0584511191513753
"378",0.665436367751531,0.0925520834854056,0.0203808771606904,0.164230983292957,0.0573996883094162
"379",0.528574743534507,0.0625626026105976,0.180943533491401,0.175416356029306,0.0525027643341886
"380",0.776875563571718,0.0408124641900057,0.055658634874045,0.065989109462757,0.060664227901474
"381",0.582938240315482,0.0417042103227088,0.15494825141046,0.182729129030699,0.0376801689206507
"382",0.718468884028002,0.0242910413235717,0.0766965075353882,0.154707256721087,0.0258363103919502
"383",0.63518822310747,0.0526207318676074,0.0632175761412823,0.198847753452656,0.0501257154309846
"384",0.686575162779659,0.0704590238816888,0.0607696658446176,0.135248666241762,0.046947481252273
"385",0.581183585003912,0.0398533255767622,0.183831725468362,0.111880618558178,0.0832507453927855
"386",0.653957342121913,0.0408663235507371,0.0660668272886118,0.188697542686773,0.0504119643519645
"387",0.756262232441588,0.0147012591921526,0.0498022056404766,0.149417547347157,0.0298167553786264
"388",0.479969686332507,0.0978470704800876,0.134290778619884,0.159473111574974,0.128419352992547
"389",0.711410566268037,0.0289893148761319,0.0842083371539573,0.0908275307598667,0.0845642509420072
"390",0.573015595809389,0.0769582441997834,0.073960828272795,0.194367642905288,0.0816976888127444
"391",0.590064320729781,0.0990660628199341,0.104245211553889,0.145681102507703,0.0609433023886934
"392",0.695174763932979,0.01492357217802,0.0779387375482243,0.172496745037698,0.0394661813030788
"393",0.667697748278052,0.116663554193931,0.077905762922751,0.0996498062291268,0.0380831283761389
"394",0.805023336394569,0.0625336133965266,0.0200377215711088,0.0890796294025418,0.0233256992352536
"395",0.750308260965784,0.0308830784154997,0.0343983427800111,0.147681164399019,0.0367291534396866
"396",0.696489702254626,0.063781277235172,0.0406450116081457,0.116135440978334,0.0829485679237225
"397",0.69528054333349,0.0200434586153455,0.0937820176132053,0.171809999099196,0.0190839813387633
"398",0.450414934638541,0.144644066116291,0.204414397494693,0.13348497769004,0.0670416240604351
"399",0.608060388465791,0.074654436663426,0.0924418693342822,0.144167032747912,0.0806762727885889
"400",0.715515930055905,0.0477733402476251,0.0338053977521281,0.170347861403535,0.0325574705408067
"401",0.470925054676888,0.0999988315522967,0.17915615038231,0.188234254712995,0.0616857086755104
"402",0.633807835107693,0.0753885023678845,0.0718248890359375,0.159371014390465,0.05960775909802
"403",0.654826682497536,0.0292301161467136,0.0928690042943878,0.190262383217392,0.0328118138439708
"404",0.685331083206828,0.0485489391816656,0.117412221131937,0.0969643664633524,0.0517433900162169
"405",0.674646494218786,0.0721814160316142,0.137511252105805,0.0876196744530153,0.0280411631907803
"406",0.657058217786485,0.0812094010301476,0.0679150122638023,0.132747475909422,0.061069893010143
"407",0.499663433037697,0.173959253558302,0.110115386960323,0.130385151212852,0.085876775230827
"408",0.333932293412389,0.0314661627496465,0.49684760475613,0.0949045657090766,0.0428493733727585
"409",0.635128532212262,0.0785694124366053,0.0279442365045475,0.201274092362678,0.0570837264839068
"410",0.623520819576459,0.0361659575161193,0.0775019131130586,0.239420642989295,0.0233906668050675
"411",0.49542951596696,0.088761402831989,0.133835658967746,0.175316604037184,0.106656818196121
"412",0.358367926530767,0.0598949871753578,0.446607154300871,0.0831654330606778,0.0519644989323267
"413",0.741733730029738,0.0289844216617736,0.0134986444536577,0.187172684544739,0.0286105193100923
"414",0.571356311364406,0.106788363387898,0.0645774669809268,0.187536042537384,0.0697418157293852
"415",0.636099766880757,0.0351693682441405,0.0408040905782489,0.189725105137455,0.0982016691593982
"416",0.697271174172447,0.0869673361401201,0.0644806681554776,0.068900833590286,0.0823799879416691
"417",0.626637017714208,0.0444983640882761,0.216926462303144,0.0722029720116194,0.0397351838827522
"418",0.790652019507239,0.0285980375834487,0.0474885100978596,0.107392738706389,0.0258686941050641
"419",0.669774368334508,0.0616689913588772,0.0940704968379938,0.152793396331684,0.0216927471369376
"420",0.628757570200585,0.0534032259802054,0.104281778973836,0.157433983917443,0.05612344092793
"421",0.61154812541153,0.0324540524936791,0.107198120604524,0.217694240420388,0.0311054610698788
"422",0.382931098684844,0.0634287463098334,0.350025608198881,0.12245119602361,0.0811633507828325
"423",0.604789922669255,0.0438012967130549,0.152117982168321,0.148182840530302,0.0511079579190675
"424",0.575101574211856,0.0547861408150007,0.154009789806753,0.152662261709839,0.0634402334565504
"425",0.504800759350589,0.155244424898938,0.0892363285229119,0.206403466297993,0.044315020929568
"426",0.70680243684307,0.0800165975942316,0.0301010375194423,0.100627174564859,0.0824527534783963
"427",0.646614288344576,0.0605184793786306,0.0651657032017093,0.177534577586511,0.0501669514885727
"428",0.589015082308921,0.181813097474469,0.0436240130188663,0.115960345183058,0.0695874620146851
"429",0.591433040767632,0.0818243244821712,0.147068300007144,0.115170444856516,0.0645038898865367
"430",0.602168660653579,0.0311713279653409,0.0674803521651057,0.256752522734017,0.0424271364819574
"431",0.738687251825505,0.0623394407104468,0.02340606531138,0.156263188819036,0.0193040533336321
"432",0.699209248045187,0.0214600949067251,0.0426720814324882,0.218507670429185,0.0181509051864151
"433",0.748385173715353,0.0241298198534848,0.0658278342496057,0.106813520606257,0.0548436515752991
"434",0.675392586806909,0.0393481790125062,0.0516850338082639,0.159399849101726,0.074174351270594
"435",0.657768019923204,0.0223314359288224,0.117064416628972,0.171599785329758,0.0312363421892437
"436",0.560377977284542,0.1250985144814,0.171969677535806,0.0850333838459627,0.0575204468522887
"437",0.683909280629089,0.062543287435813,0.0622312707529461,0.114112349891239,0.0772038112909132
"438",0.793412244987241,0.0243328328526617,0.0283810610614389,0.11861135175811,0.0352625093405482
"439",0.533075755488151,0.243043580256036,0.0476459993897187,0.0543174671022632,0.121917197763831
"440",0.650629847061365,0.219852941746533,0.0282056666802557,0.0789540639791104,0.0223574805327361
"441",0.581019022168361,0.0363802951615409,0.153069858029394,0.146543057169311,0.0829877674713935
"442",0.688888853622978,0.0511615251962296,0.0514563055998931,0.145680460470422,0.0628128551104767
"443",0.688795815610559,0.0296726313436525,0.0675373554523336,0.153544930294308,0.0604492672991471
"444",0.825204706580697,0.0414235705630994,0.0307530784891283,0.0708976008844905,0.0317210434825849
"445",0.431613581189608,0.210853883392802,0.111299964328599,0.180031404218711,0.0662011668702799
"446",0.685350551243753,0.1184898389107,0.0454506657587564,0.111693511310142,0.039015432776649
"447",0.577176709506841,0.126882296679887,0.109238667669065,0.120488980549018,0.0662133455951896
"448",0.678432625332895,0.0441417493248693,0.0447762776833884,0.204707173449122,0.0279421742097252
"449",0.64173655255881,0.040358085263706,0.0466965142921722,0.211523982477406,0.0596848654079057
"450",0.699231124859046,0.00607913109265452,0.0567041837722463,0.198653579078169,0.039331981197884
"451",0.54078799023314,0.107574226105505,0.119061761829572,0.151076353749888,0.0814996680818953
"452",0.748919792275426,0.0350120837500722,0.107400516402637,0.0779006872482938,0.0307669203235709
"453",0.768838169982728,0.010192419095158,0.0515804476509266,0.118498391702041,0.0508905715691466
"454",0.506217906377555,0.166465885874544,0.107062515990725,0.0853584577185468,0.134895234038629
"455",0.652280323407493,0.0665977351992619,0.133777847096504,0.106632797237089,0.0407112970596525
"456",0.783240423836752,0.0331931945593259,0.0608526277217241,0.0894857410315768,0.0332280128506213
"457",0.538223634816416,0.109635609628061,0.0544293549086869,0.242408871481922,0.0553025291649144
"458",0.633614650807008,0.0323453308100775,0.0494079822576806,0.12726983186378,0.157362204261454
"459",0.745221066541384,0.0372986982816386,0.0743724508568811,0.126204102936713,0.0169036813833829
"460",0.706731743300208,0.104923344678199,0.0416976781846853,0.06883535733991,0.0778118764969973
"461",0.539782872902055,0.109385886385722,0.185057978317274,0.109115216635305,0.0566580457596436
"462",0.679586333203626,0.0454360851548028,0.113551024121078,0.138450563202852,0.0229759943176413
"463",0.826832074325539,0.0155800058197527,0.0275940810595286,0.115804536279098,0.0141893025160812
"464",0.429121154543057,0.0948420416245357,0.331167308066346,0.0927550303835709,0.0521144653824907
"465",0.684153123206596,0.0478270438709831,0.0691217977094555,0.14968214688576,0.0492158883272048
"466",0.678327521999771,0.0483368958202565,0.0749073480572717,0.169166067362861,0.02926216675984
"467",0.730708840054929,0.0144402948140958,0.0580298047590144,0.170277167011331,0.0265438933606286
"468",0.749769862249601,0.0393697463867031,0.0530744259458281,0.141202474677678,0.0165834907401908
"469",0.598904276705637,0.134021671357329,0.0633270983427507,0.121395075266314,0.0823518783279688
"470",0.655871635054702,0.0804902645563343,0.13244688998194,0.0693178909552964,0.0618733194517273
"471",0.631630466050565,0.016536818768776,0.0621111741358633,0.219530171710309,0.0701913693344869
"472",0.679613896804913,0.033476579120074,0.0254345447265402,0.235268962193345,0.0262060171551276
"473",0.715528724094316,0.0443135922239385,0.0569680114400181,0.169384003975069,0.0138056682666587
"474",0.47537302864243,0.138510251139957,0.201027884757245,0.114988845864389,0.0700999895959791
"475",0.761649935349828,0.0182274627316698,0.0336756935019536,0.150306099109215,0.0361408093073338
"476",0.527903093155505,0.0747847218198247,0.088552200985269,0.109816541613301,0.1989434424261
"477",0.570264280214213,0.0485302166001111,0.108810946978107,0.207605981168793,0.0647885750387751
"478",0.582450914753595,0.0825196039530215,0.0628291768440606,0.237980091751359,0.0342202126979635
"479",0.601191972294244,0.0344801445738768,0.172359476802943,0.155709535195789,0.0362588711331471
"480",0.591416430674628,0.125678417229435,0.0523709766233668,0.186843755032574,0.0436904204399957
"481",0.580787564678175,0.0944281617568652,0.0374852657726691,0.1293250324162,0.157973975376091
"482",0.677151912991777,0.0256046945003875,0.0530836327971392,0.204107318824176,0.0400524408865206
"483",0.562944501112204,0.0973837105821006,0.171234069104504,0.0860805505815437,0.0823571686196478
"484",0.467747955051518,0.100249497044079,0.155024720813524,0.208425688129595,0.0685521389612838
"485",0.760442676736313,0.026217823482355,0.0508946055265458,0.0988874357490114,0.0635574585057746
"486",0.731240063589786,0.0831647143591744,0.0459582218878502,0.102642638792449,0.0369943613707403
"487",0.562499187016463,0.150032170214255,0.0566661980889028,0.155187630403615,0.0756148142767644
"488",0.630740926685243,0.0656664882407382,0.0829119513865331,0.150177047797836,0.070503585889649
"489",0.688364299559599,0.0451125351740485,0.117517279792423,0.135962546720893,0.0130433387530361
"490",0.653644094893517,0.129895060424894,0.103319654408002,0.0909372613293657,0.0222039289442209
"491",0.683305615653442,0.0558134548076391,0.0702452114758602,0.165892962524014,0.0247427555390447
"492",0.751419771575829,0.034868170248316,0.0421752082825733,0.147601071181796,0.0239357787114863
"493",0.729224129154067,0.0833260929211279,0.0590144222054909,0.105305347994964,0.0231300077243504
"494",0.596089589752965,0.188290682525998,0.0509212880848016,0.124727319809178,0.0399711198270568
"495",0.825046805894952,0.0177545404548443,0.0205614177842939,0.0837757479379254,0.0528614879279848
"496",0.711990635014449,0.0178458587482834,0.0585490993756353,0.176036717110353,0.0355776897512786
"497",0.541232969995265,0.163712663514008,0.0744161533826762,0.177190225874441,0.0434479872336101
"498",0.637164479062481,0.0657077931796564,0.0425439058738473,0.22685485090275,0.0277289709812659
"499",0.597546783202747,0.169524817221058,0.073570664567677,0.0663492622244435,0.0930084727840745
"500",0.640573863863051,0.0210832385613053,0.157099460993952,0.155154425783671,0.0260890107980207
"501",0.634206235707131,0.0585695895123718,0.0904452884870846,0.151151280963578,0.0656276053298345
"502",0.71573746638679,0.0207716428509767,0.0970655113093625,0.11215193018573,0.0542734492671405
"503",0.644828124161332,0.0466978582263137,0.101224542878018,0.15618151179677,0.0510679629375667
"504",0.644769507787002,0.150050639536362,0.0537399048038438,0.102990642026333,0.0484493058464583
"505",0.49632796446876,0.138373147843954,0.109897067007008,0.155080076562668,0.10032174411761
"506",0.665688355200659,0.0772847828966814,0.076811018286466,0.112036300266912,0.0681795433492809
"507",0.577720777588651,0.0907262221147244,0.054528122686173,0.226420530456151,0.0506043471543002
"508",0.665781920605887,0.0251908970973656,0.132315755733368,0.15176463971761,0.0249467868457694
"509",0.623439152555881,0.0860480254160439,0.103828340182507,0.168819693643484,0.0178647882020842
"510",0.660088730489236,0.0354624794209615,0.0641637574032656,0.194468449473326,0.0458165832132114
"511",0.48337759761675,0.0761863365144446,0.242047959083935,0.122568096130992,0.0758200106538778
"512",0.564777462640535,0.0710366862697259,0.0908668539891303,0.157996673387693,0.115322323712916
"513",0.654793921153732,0.021489909233758,0.0911160098570072,0.201653537897017,0.0309466218584862
"514",0.642490608295625,0.0935786966964691,0.0713736660359029,0.165186089348219,0.0273709396237839
"515",0.614179955408569,0.0764566879816844,0.070051370829442,0.190387195801189,0.0489247899791152
"516",0.505351491856774,0.14177149264018,0.0828238621324607,0.22540223479876,0.0446509185718248
"517",0.607777601650815,0.049234405039958,0.233615532172175,0.0747989606571828,0.0345735004798693
"518",0.496009880556306,0.0585746411599719,0.299398713010814,0.117701528210334,0.0283152370625734
"519",0.574073961894636,0.027929722632733,0.0771438755957461,0.289311395282547,0.0315410445943381
"520",0.737128473643165,0.0112172369834869,0.106345126467025,0.118742295834206,0.026566867072117
"521",0.669530382614406,0.0689063943886113,0.0496960694129875,0.195363615605041,0.016503537978954
"522",0.545731512651376,0.0367383060989918,0.19643071227158,0.153855618226415,0.067243850751637
"523",0.48069265250661,0.19732224662083,0.0501324351832298,0.193243034856389,0.0786096308329411
"524",0.511283244047181,0.174737812641833,0.0756205226649743,0.13413217297807,0.104226247667942
"525",0.468501620495336,0.0809295271528693,0.194342557460984,0.180766820868796,0.0754594740220142
"526",0.778693805231741,0.0262202302651538,0.0443824878676446,0.096197182032105,0.0545062946033553
"527",0.721427398178844,0.0270875194822373,0.02996572331519,0.188886730007226,0.0326326290165024
"528",0.592785760336561,0.0473523875242156,0.209941480696554,0.0923662615276233,0.0575541099150459
"529",0.62745283178247,0.0367511568484178,0.0969254383641502,0.209120080148168,0.0297504928567942
"530",0.733959738669241,0.0159783937987058,0.0779716149729681,0.143960270426717,0.0281299821323679
"531",0.614731374433824,0.106884044810099,0.0587144855994064,0.119577463978642,0.100092631178028
"532",0.762429198065997,0.0571520865740321,0.0637440856656241,0.100798631527499,0.0158759981668479
"533",0.66312148997916,0.0384111096868032,0.0487680758987107,0.200879637096357,0.0488196873389691
"534",0.501654013920339,0.0504723623342972,0.28225768204448,0.129728500952949,0.0358874407479348
"535",0.501989959445743,0.164328606618437,0.0822219018037054,0.120963823121332,0.130495709010783
"536",0.691667865757434,0.0745696589811808,0.0509830022986377,0.134385511901563,0.0483939610611842
"537",0.746085107375008,0.0383423024172583,0.0758076693859767,0.108088777910195,0.0316761429115621
"538",0.601456411141389,0.0502760227181009,0.099850572015759,0.188834098574615,0.0595828955501361
"539",0.648874169106032,0.0411883674703691,0.180988031119755,0.0904461490648515,0.0385032832389924
"540",0.592134235396073,0.0905466435483703,0.0708784297930457,0.173775377206041,0.0726653140564698
"541",0.759070061712139,0.0507775951768213,0.0505074528879068,0.0959241157519334,0.043720774471199
"542",0.743529057411103,0.116449886268441,0.039308650732686,0.0832425291043869,0.0174698764833828
"543",0.614416607325083,0.14230330302703,0.0683352668063475,0.128322942420185,0.0466218804213552
"544",0.638239336331798,0.0259574926077171,0.117663942152391,0.180664238001847,0.0374749909062472
"545",0.611870323148227,0.0610727964194816,0.154026631248822,0.138145438170516,0.0348848110129541
"546",0.694787505255368,0.0234362928207169,0.123306235867772,0.0879053610598526,0.0705646049962903
"547",0.755879835269871,0.0429517494984647,0.0965236097589135,0.0741474392569,0.0304973662158513
"548",0.613235797393306,0.126425161285745,0.0473839131503408,0.145464891397809,0.0674902367727989
"549",0.428171105870313,0.028031733105091,0.373591204749137,0.118744855562303,0.0514611007131557
"550",0.722923434879811,0.031743892666166,0.0457127863191846,0.17798974224421,0.0216301438906278
"551",0.608776125346345,0.0877371710103442,0.127259129875178,0.138225065573888,0.038002508194245
"552",0.64533135388823,0.11653245068744,0.0561961665129539,0.140635914009433,0.0413041149019431
"553",0.631091944102145,0.0850942860037507,0.0548672145549448,0.17428720998218,0.0546593453569795
"554",0.635180196441708,0.0820510484621478,0.123397493497033,0.136857748275806,0.0225135133233049
"555",0.711997241295381,0.0659628674991981,0.0405867444757884,0.154999636162991,0.0264535105666419
"556",0.529192956783059,0.077393800825117,0.152647203533728,0.168894785374661,0.0718712534834343
"557",0.744862210815206,0.0225697949154916,0.0714684422937988,0.140121911915417,0.0209776400600872
"558",0.610122338861271,0.0126601404053004,0.155175212487646,0.181712542061124,0.0403297661846588
"559",0.624823909918714,0.0568547938009459,0.0530118459001132,0.247392181439592,0.0179172689406347
"560",0.599428368571328,0.08247394261452,0.0986157872761256,0.145001202649555,0.074480698888471
"561",0.648337308821469,0.0451458985519367,0.113630998888084,0.14377248635891,0.0491133073796004
"562",0.558130222491404,0.0431796068997947,0.182578405628146,0.162611358951796,0.0535004060288589
"563",0.821188471853309,0.0389541628209745,0.0232386146134864,0.105746979290838,0.0108717714213923
"564",0.775403753119147,0.0656538078477076,0.0497453263007454,0.083341753849745,0.0258553588826547
"565",0.689139652682246,0.0433122819760296,0.13608404457517,0.0831191797432557,0.0483448410232985
"566",0.715329640449987,0.071617582062871,0.0701814131460412,0.103432360135085,0.0394390042060149
"567",0.775367962877536,0.0481794355877897,0.055072347967273,0.0895667208970443,0.0318135326703565
"568",0.784300338018441,0.0603280357233266,0.0224828148687862,0.116889769874928,0.0159990415145187
"569",0.693444290201963,0.0172740724338625,0.0548435638504787,0.181682714103415,0.0527553594102813
"570",0.468165919257618,0.0899933026197144,0.111835653431885,0.191652347365344,0.138352777325439
"571",0.669291212429778,0.0819974934141561,0.0999022915547421,0.057408953285489,0.0914000493158351
"572",0.727296448457157,0.0366983839574383,0.0451913502546897,0.161996857495238,0.0288169598354765
"573",0.585011405367961,0.061277496429762,0.122953408004138,0.157863650683063,0.0728940395150763
"574",0.709975540158207,0.0788884277889677,0.055878514409543,0.119509040116029,0.0357484775272529
"575",0.584935149591517,0.0404452840034875,0.113498567767217,0.193330134838071,0.0677908637997073
"576",0.593290820439981,0.231289351411324,0.0721189345027392,0.0581173376323877,0.0451835560135679
"577",0.566985650921966,0.0772914408209082,0.0871992215011157,0.158676507643725,0.109847179112286
"578",0.514914478398688,0.260249553208394,0.0458908824325958,0.129314226010985,0.0496308599493372
"579",0.524289568392786,0.0812912309103404,0.127828056985696,0.212569645693938,0.0540214980172393
"580",0.606454063213438,0.209508061936268,0.0291414064775784,0.113870330363043,0.0410261380096723
"581",0.507667539322466,0.158266962709828,0.129138236334692,0.151323819256599,0.0536034423764163
"582",0.515047530569157,0.131017252946413,0.110225194538527,0.145747635716227,0.0979623862296758
"583",0.67393102000112,0.0910983076441718,0.110350071003029,0.0765333076692351,0.0480872936824447
"584",0.590378463937733,0.0401612839209957,0.14171900756044,0.15913368635079,0.0686075582300411
"585",0.555637328265059,0.107055196044364,0.0905057675434881,0.195405124546309,0.0513965836007792
"586",0.695731977108556,0.0187167562016771,0.0593718872757723,0.187806605317485,0.0383727740965096
"587",0.638465186367682,0.0758380690599701,0.116750450370811,0.0867527515077921,0.0821935426937457
"588",0.634259489794017,0.184116456960164,0.0432603897035472,0.0747148466026547,0.063648816939617
"589",0.743015757880197,0.0456618298104468,0.0721922764600647,0.107447395032247,0.031682740817045
"590",0.614525632667098,0.050646832878644,0.1201373232059,0.181826022080549,0.0328641891678084
"591",0.591731432336438,0.0304147450194432,0.160753647743017,0.19923407431334,0.0178661005877628
"592",0.495146856760412,0.0777907620814008,0.124314939905096,0.194631142462153,0.108116298790938
"593",0.565558016022331,0.0537119084743139,0.16659473595741,0.165608565541945,0.0485267740040003
"594",0.728821988932027,0.0674644569635141,0.0799667865934622,0.0940253273454536,0.0297214401655433
"595",0.583555076295072,0.156297301325422,0.0540893859155105,0.177907327084141,0.0281509093798545
"596",0.683795443238195,0.165305837889424,0.062561205297608,0.0658778164219331,0.0224596971528398
"597",0.714436357557604,0.0485704942615848,0.0310606236252038,0.163537835271478,0.0423946892841291
"598",0.60624635111518,0.113943252446434,0.0653385107350228,0.17986814634493,0.0346037393584332
"599",0.715680771675616,0.0227373612012355,0.0540231343391948,0.189534242744173,0.018024490039781
"600",0.750449948942927,0.026183233483553,0.0393506227711814,0.126360231218232,0.0576559635841066
"601",0.701931849000083,0.0633644107586083,0.0858606741405566,0.092755533140669,0.0560875329600834
"602",0.718836702676067,0.0411754252596732,0.108387782255743,0.0630984469200493,0.0685016428884676
"603",0.436270955899922,0.0538426344133455,0.308888218802602,0.12850308122852,0.0724951096556102
"604",0.66210458089668,0.0731535504586645,0.0787872549200645,0.133757984767495,0.0521966289570966
"605",0.686834902935518,0.0277192587523026,0.0863877067121585,0.121682823267734,0.0773753083322871
"606",0.639076511287462,0.164796731530831,0.0473194529254589,0.108292893406325,0.0405144108499227
"607",0.57471489978066,0.0425903212636025,0.145307548367263,0.137643706978298,0.0997435236101771
"608",0.494801512107125,0.114469763369641,0.242071841963082,0.105155198937825,0.0435016836223279
"609",0.607764767076682,0.0123736180936439,0.213582729722545,0.153247442175192,0.013031442931937
"610",0.690628102370715,0.0380777133421168,0.0380060657940148,0.211016229317799,0.022271889175354
"611",0.750692156857996,0.0665289147455663,0.0471758410242667,0.0865438665033848,0.0490592208687863
"612",0.454550882096909,0.102215981908229,0.260504511330885,0.129382279875845,0.0533463447881319
"613",0.426597648814384,0.198950412491749,0.0753412482382077,0.142741085765466,0.156369604690194
"614",0.72614588721438,0.114397513871583,0.0192705433629827,0.101521368689532,0.0386646868615229
"615",0.726523463339001,0.0720088544341491,0.0876238434277447,0.0698967658607401,0.0439470729383648
"616",0.601692105826494,0.051188056895252,0.159572556328156,0.131453596020754,0.0560936849293439
"617",0.650191212233807,0.0429227146285492,0.104703569481179,0.157233114131354,0.0449493895251109
"618",0.724506439505779,0.0341309129898662,0.0673880503181266,0.152548545122453,0.0214260520637757
"619",0.566853400539822,0.116526572007148,0.103074652998572,0.193301498128618,0.0202438763258403
"620",0.708383075400207,0.0457153609426616,0.0473492786342523,0.182015402350925,0.0165368826719537
"621",0.719495931462478,0.0532302872453424,0.0743392124854128,0.129811122616273,0.0231234461904935
"622",0.667757554934902,0.0633145034095424,0.0760772211680557,0.164083256152654,0.0287674643348459
"623",0.624570009397647,0.0704841723317256,0.0453118642798639,0.214248079950797,0.0453858740399672
"624",0.461002924569191,0.0640718654032375,0.208100670634422,0.0872021819657337,0.179622357427416
"625",0.676530543928045,0.0451697736352394,0.0640516136974761,0.170162182937633,0.0440858858016069
"626",0.77293019860367,0.0308371929495757,0.024137587350198,0.132372682416243,0.0397223386803133
"627",0.712796075190183,0.023257512652285,0.035403514839437,0.137438632303693,0.0911042650144018
"628",0.572322976534603,0.129132552368016,0.0549596051618659,0.144217617653127,0.0993672482823888
"629",0.694454286773844,0.0510616895622411,0.106280545916199,0.105917122237406,0.0422863555103109
"630",0.643614190589334,0.0411812413801692,0.090771044874588,0.200944499833836,0.0234890233220733
"631",0.659095871857681,0.0822052499131298,0.120993482352521,0.100507953883698,0.0371974419929697
"632",0.732506256214234,0.0245721327414435,0.0382053182208661,0.17356970329815,0.0311465895253065
"633",0.589087432315279,0.0121582889749075,0.206120114666943,0.169211719922797,0.0234224441200733
"634",0.706178239113155,0.124561472165641,0.0310227955515227,0.109733387118284,0.0285041060513985
"635",0.447923884163264,0.136518913388019,0.208322051280837,0.175147622347325,0.0320875288205561
"636",0.667141393309388,0.0638793207180658,0.0750126134751916,0.147589857657899,0.0463768148394549
"637",0.505160529054623,0.0392143153853229,0.264355136156511,0.127067781793808,0.064202237609735
"638",0.81204710830311,0.0384950944365777,0.0301434515225689,0.0871160442530394,0.0321983014847036
"639",0.759424684059696,0.0483161715473401,0.079010076520669,0.071040173564736,0.0422088943075587
"640",0.54914951647058,0.0749669146403252,0.134653581359403,0.167307706039247,0.0739222814904452
"641",0.672320640578197,0.0460267459279792,0.0770701056613689,0.133265196552461,0.0713173112799938
"642",0.506580964590464,0.251845229481726,0.0761142862340757,0.112084210773298,0.0533753089204364
"643",0.701021909616874,0.0294893736115157,0.0855275631090756,0.120122268829935,0.0638388848326
"644",0.62502266000556,0.038429734404558,0.157828811186105,0.142502984731406,0.0362158096723706
"645",0.541271758569045,0.0846517700207543,0.158360032750803,0.1937632395898,0.0219531990695972
"646",0.761079630029612,0.0459199431073091,0.0626611975987122,0.110038267680285,0.0203009615840821
"647",0.60601038885432,0.0783071480063487,0.102268706713587,0.128456321749062,0.0849574346766823
"648",0.694017055193651,0.112699955854966,0.0401897354907273,0.129800170900349,0.0232930825603069
"649",0.582711976126178,0.0642422399158749,0.0957954575392722,0.215377200065406,0.0418731263532687
"650",0.496316666510685,0.0894190630609982,0.247179772555763,0.126666701844558,0.0404177960279951
"651",0.685970538572001,0.0304922470699035,0.124539254938066,0.10491719814831,0.0540807612717195
"652",0.604352454135998,0.041121029843901,0.12278375528151,0.14173447736316,0.090008283375431
"653",0.721625201843063,0.127236514570632,0.0538049083982182,0.0557252005100777,0.0416081746780089
"654",0.626058466265694,0.0301801206630077,0.0771688080899673,0.207368944488777,0.0592236604925544
"655",0.678518141305602,0.0525883021458818,0.0457619134690925,0.178340334056468,0.0447913090229562
"656",0.648511853529378,0.0402827509720544,0.122235752545448,0.125805779319079,0.0631638636340402
"657",0.511170147688865,0.0786282495778169,0.155947502233663,0.17647419389701,0.0777799066026451
"658",0.587965090875118,0.0343108061014136,0.117492234914449,0.122284774005628,0.137947094103391
"659",0.595919035499107,0.0154589475660356,0.156489689329614,0.112618904503157,0.119513423102087
"660",0.650061523565323,0.0854050679881867,0.048646778598535,0.187114259966729,0.0287723698812266
"661",0.747635591903626,0.0358707145073672,0.0367747844349057,0.16010166413657,0.0196172450175316
"662",0.571915530258954,0.056889309304533,0.106365204736005,0.206753509715156,0.0580764459853514
"663",0.587314602872854,0.0912371891282211,0.0944784136583107,0.181788996352666,0.0451807979879491
"664",0.48243766668336,0.120119178730654,0.191214315909319,0.115089775281193,0.0911390633954739
"665",0.587289038107535,0.0735878376760102,0.101498157573809,0.150387887136624,0.0872370795060211
"666",0.801604287001379,0.068158373670634,0.0354307967745366,0.0763245742260004,0.0184819683274497
"667",0.630785342411175,0.0945804849604842,0.0428923883042761,0.193899757416302,0.0378420269077628
"668",0.477570535265014,0.318335636326823,0.0796348721207997,0.0898674311075488,0.034591525179815
"669",0.763433209444988,0.0379543681067031,0.0627613785642781,0.10152429793638,0.0343267459476504
"670",0.620536888300935,0.0753972834479774,0.0673800964119242,0.179236594697926,0.0574491371412366
"671",0.636219462669705,0.045196169209567,0.0759664903082563,0.190487950932718,0.052129926879753
"672",0.627354661448284,0.0934186622219717,0.0960568099148025,0.113046884927386,0.0701229814875567
"673",0.566938767726478,0.0686730437552488,0.14518532137735,0.149864339278642,0.0693385278622818
"674",0.540039114887179,0.0936834257395183,0.164506867666732,0.165368382615861,0.0364022090907096
"675",0.688219440586336,0.0241978319829565,0.0891625478523072,0.17870677164097,0.0197134079374297
"676",0.349649551231536,0.0880894437728425,0.393931364059148,0.129899238653478,0.0384304022829956
"677",0.770305107167973,0.0218271971829703,0.0688871472974212,0.111349010000703,0.0276315383509327
"678",0.658693270155321,0.0213776057831182,0.115106000806621,0.110831812122219,0.0939913111327218
"679",0.541611776889831,0.0455603166542981,0.217367181378158,0.131226652669287,0.0642340724084258
"680",0.462187391504788,0.0270970727658299,0.260212877276629,0.0905077292719414,0.159994929180812
"681",0.588718740186349,0.04567928289748,0.139755016450608,0.199775921974169,0.0260710384913934
"682",0.56827847181112,0.0874616139269142,0.0640896069326697,0.207584020216799,0.0725862871124971
"683",0.509012539661729,0.0501482272059199,0.243018261676505,0.120574813729333,0.0772461577265125
"684",0.660547336098436,0.0326108576984458,0.0811406058585235,0.197641108446111,0.0280600918984844
"685",0.590380531736054,0.0402636351012188,0.149827236274734,0.195459555365151,0.0240690415228432
"686",0.662473955883578,0.101357627739752,0.0637161696030538,0.113413584920689,0.0590386618529272
"687",0.605507607308926,0.0391255172795459,0.181834698311647,0.136469626842563,0.0370625502573185
"688",0.660307909651369,0.0369688391104121,0.123174454921516,0.121029743442597,0.0585190528741069
"689",0.741834598162398,0.0710000188218627,0.0261081270071133,0.115302871473481,0.0457543845351446
"690",0.647433103764724,0.0795493652591578,0.0627016498754847,0.154180521194653,0.0561353599059804
"691",0.726543188743722,0.0360129497654619,0.0699894118060018,0.125962590135333,0.041491859549481
"692",0.642641564039371,0.030418485763538,0.128817755155011,0.171610947395456,0.0265112476466241
"693",0.810391538607929,0.0190104233423098,0.0597275049921108,0.0759451103856792,0.034925422671971
"694",0.500268784479119,0.157539140707057,0.0918873185751956,0.177464963337308,0.0728397929013204
"695",0.646290328591506,0.0388869719328614,0.10748817518589,0.143487506868457,0.0638470174212869
"696",0.522108620201722,0.0738365488488524,0.187491443555872,0.139566036136279,0.0769973512572747
"697",0.685841339877773,0.0788593815695039,0.105057703261151,0.0971355623754607,0.0331060129161109
"698",0.500979968923583,0.169019380084349,0.0632841353697357,0.142843165653293,0.123873349969039
"699",0.681154462554293,0.0223240635173335,0.0991074935045463,0.171616356447142,0.0257976239766848
"700",0.628678119447841,0.0787646658859185,0.0741402853131035,0.144557219967504,0.073859709385633
"701",0.556159089108147,0.260141620893432,0.0314091202394079,0.0941213523532241,0.0581688174057894
"702",0.685308349729248,0.0306077541300741,0.0932972761361843,0.140099414708766,0.0506872052957272
"703",0.586929709680359,0.0536484883228849,0.137130584372579,0.174911718734935,0.0473794988892424
"704",0.762842218073135,0.0502422835510117,0.0377523461075241,0.114356232323058,0.0348069199452716
"705",0.677580597732206,0.0634896134506234,0.0259190682657101,0.175652339419821,0.0573583811316394
"706",0.750481369453486,0.0686389969849363,0.0656491059726546,0.0793220649945746,0.0359084625943492
"707",0.723980581833039,0.0744046294738874,0.0269121984231827,0.124861078878861,0.04984151139103
"708",0.679519888597275,0.0253003400397215,0.086142518678503,0.126594086915002,0.0824431657694982
"709",0.658196589665096,0.045362567105535,0.0912561041471563,0.11158425568108,0.0936004834011329
"710",0.636453546498577,0.19016629237519,0.0509369733266949,0.0625344753575779,0.0599087124419606
"711",0.737270207184081,0.0565456379568952,0.0297623646740495,0.131132357683599,0.0452894325013748
"712",0.686436071997565,0.0417925884743486,0.100424077935917,0.123661916477618,0.0476853451145506
"713",0.627229855617198,0.130013199777749,0.0581865204596337,0.0800491920361558,0.104521232109264
"714",0.658847190554192,0.0506614327817261,0.120683769786117,0.115318008906457,0.0544895979715076
"715",0.572197839790431,0.160779855398071,0.0617084071230557,0.107793691829868,0.0975202058585743
"716",0.508203604131823,0.0737923695416899,0.103483549328739,0.227569267849095,0.0869512091486526
"717",0.778488367343738,0.0665689622240085,0.0333766290993705,0.0880355291782417,0.0335305121546414
"718",0.805736325498761,0.051852132919546,0.013979336940306,0.100408234341058,0.0280239703003294
"719",0.793776961495801,0.0203028937756293,0.0379231218565161,0.123943986029739,0.0240530368423142
"720",0.681679869471445,0.0617771339302042,0.0432170606377141,0.184521019212281,0.0288049167483556
"721",0.719017939548511,0.0376959365679948,0.0762059233124291,0.14154423692223,0.0255359636488353
"722",0.573709112139076,0.0964981407199191,0.140225170921727,0.13809823640717,0.0514693398121088
"723",0.597410805086832,0.0777581031789334,0.136168611772623,0.146835887548794,0.0418265924128178
"724",0.648879154732052,0.0900894931213701,0.11188954286045,0.116363490807095,0.0327783184790324
"725",0.505146188300179,0.102910508465315,0.103034015718786,0.256329659829884,0.0325796276858364
"726",0.746651516594554,0.0217712807967641,0.0402085662690488,0.140101402960453,0.0512672333791805
"727",0.514281538543755,0.170832120304952,0.115310326100579,0.149738771705755,0.0498372433449588
"728",0.537198539202932,0.0724494603019347,0.204242759572493,0.105027061919612,0.0810821790030288
"729",0.680762376943764,0.123885199659302,0.0577975327101141,0.0943529504398775,0.0432019402469427
"730",0.774155207142863,0.0317842718834921,0.0517704012992348,0.132562270841678,0.00972784883273239
"731",0.677530043027172,0.085921622337474,0.0229078201122588,0.184615251939481,0.0290252625836141
"732",0.61223453511718,0.0691569660320567,0.0834268826627852,0.10938447935252,0.125797136835458
"733",0.772876597236915,0.0327975544186798,0.0673883599107314,0.0905048863922703,0.0364326020414033
"734",0.469733246056361,0.0196800112107991,0.318898782741635,0.154538208733667,0.0371497512575382
"735",0.612317226422635,0.015051211154022,0.116824266707831,0.226529415171491,0.0292778805440211
"736",0.733009740741248,0.0365541033891377,0.0805103792614005,0.135350229917513,0.0145755466907001
"737",0.642409831359991,0.187767048593451,0.0243786117208671,0.104998519457979,0.0404459888677114
"738",0.644356675385943,0.159268852172869,0.0547564840726602,0.113744568366627,0.027873420001901
"739",0.563045795478096,0.157307695037986,0.0943056341345084,0.0965380494974187,0.0888028258519905
"740",0.677662451765834,0.0927572884890043,0.054761126403071,0.101654871061025,0.0731642622810652
"741",0.679198782801211,0.0505427523184041,0.0945591561794045,0.136121307695896,0.039578001005084
"742",0.806703848906215,0.0552266687401653,0.025457325382241,0.0708380469693537,0.0417741100020248
"743",0.745167804748241,0.0613672573424419,0.0422757556331161,0.124669455528608,0.0265197267475926
"744",0.57702535624906,0.0447453429077626,0.117533701806197,0.246104536467521,0.0145910625694603
"745",0.782506464187855,0.03621146167733,0.0120949861736882,0.110030573961866,0.0591565139992611
"746",0.550356617479676,0.0936830763244024,0.180997251821195,0.111075245038825,0.0638878093359018
"747",0.666654742390342,0.097349861915762,0.125773072447477,0.0550156125281252,0.0552067107182933
"748",0.595247171725813,0.127905675293159,0.0977143108573102,0.112476342086628,0.0666565000370903
"749",0.618148690833495,0.215228355320184,0.0272425115916791,0.119354732691668,0.0200257095629743
"750",0.456792087448037,0.157775000374988,0.171940829513259,0.128338593853036,0.0851534888106798
"751",0.652058487766601,0.0672324047009476,0.0575989408813884,0.187658160583752,0.0354520060673108
"752",0.585485102068732,0.154305095149192,0.0995875003148568,0.124561117322977,0.0360611851442417
"753",0.486738513505943,0.292907288047072,0.050123551128544,0.089827103273592,0.0804035440448486
"754",0.736598608688041,0.0499247338708867,0.0829446411135311,0.11279185989901,0.0177401564285309
"755",0.453892075734346,0.0382149039748326,0.308629641391201,0.133021712242794,0.0662416666568262
"756",0.591684097115473,0.0286911782307518,0.120913712896542,0.191635755913606,0.0670752558436276
"757",0.680818911755701,0.141741304085355,0.0679919826753363,0.0920721502953329,0.0173756511882753
"758",0.868369821046435,0.0177757657214775,0.0285182774427177,0.0758903165310307,0.00944581925833907
"759",0.504880204265635,0.032316753158941,0.261753760844125,0.142261351552585,0.0587879301787146
"760",0.752306322106392,0.0470196457339664,0.0726740940647854,0.0897666663201128,0.0382332717747433
"761",0.57459231063584,0.0271352276599107,0.13735504448395,0.19985462800368,0.0610627892166184
"762",0.640304135884984,0.0797338857759554,0.0668977780051091,0.14299755507075,0.0700666452632011
"763",0.713739588013962,0.027479517454441,0.0966466915810634,0.139219484776152,0.0229147181743817
"764",0.803095016344965,0.0139197472821482,0.0353803683281277,0.127789293235063,0.0198155748096962
"765",0.647413261972636,0.0275100694052099,0.127972745990838,0.16737320050898,0.0297307221223367
"766",0.66006203092755,0.0551371811983887,0.0199699564664218,0.233756714620548,0.0310741167870917
"767",0.58626824557113,0.145135714635289,0.0638587091978424,0.16156151895527,0.0431758116404688
"768",0.690394709318245,0.0738048525288758,0.0960052366405001,0.11354246705543,0.0262527344569488
"769",0.586974688686434,0.079661992269831,0.193391740438228,0.0952722910219013,0.0446992875836056
"770",0.547812204139125,0.132724050201067,0.128109569678124,0.119543468081483,0.0718107079002015
"771",0.724037515318731,0.0787088846400516,0.0291569002734819,0.147550613875348,0.020546085892387
"772",0.615917763779209,0.103738167849874,0.0982075816713691,0.102088744135081,0.0800477425644665
"773",0.648801835160674,0.0310525297147043,0.139321753191649,0.154808809774569,0.0260150721584036
"774",0.760692886656881,0.061642542081998,0.0427126720778511,0.125059354339988,0.00989254484328168
"775",0.672863273776687,0.0557738966312128,0.065632314775963,0.179239673718706,0.0264908410974312
"776",0.497514396432945,0.0447767252219249,0.254567326039022,0.159831379711296,0.0433101725948123
"777",0.677415669325971,0.0533103689988203,0.0601878087499799,0.111037881971215,0.0980482709540138
"778",0.551840876439906,0.0553034268596512,0.130333793179509,0.218501431751319,0.0440204717696152
"779",0.457209089134365,0.171365543571101,0.188364191679202,0.136064532390231,0.0469966432251
"780",0.713732094165718,0.0695969572803027,0.0534696874285637,0.127794440825711,0.0354068202997046
"781",0.612400901144863,0.0696285486306765,0.080884438699607,0.17055780932099,0.0665283022038634
"782",0.638714993478478,0.100733938392183,0.0916689013988438,0.1289850541565,0.0398971125739951
"783",0.758755350344186,0.0300022586062463,0.0171712274971859,0.161668108608852,0.0324030549435301
"784",0.65656957553117,0.0586102574698657,0.118058145940368,0.121075261019117,0.045686760039479
"785",0.71929877235658,0.0550008313372837,0.017660486745396,0.18838999806269,0.0196499114980508
"786",0.494572841412004,0.128749318252948,0.152188658579824,0.186170776535467,0.0383184052197572
"787",0.541744736657462,0.0952406079240723,0.132693094656588,0.142924581306647,0.08739697945523
"788",0.739880363355806,0.0568336957626623,0.0692868465496874,0.113952967989072,0.0200461263427728
"789",0.429206441443207,0.124133828804097,0.219596610710376,0.146438199047762,0.0806249199945577
"790",0.623507764026807,0.0241310254829915,0.145232457253554,0.168114824317771,0.0390139289188766
"791",0.611630407391636,0.133729292837296,0.0834917683952616,0.0914550207717964,0.0796935106040101
"792",0.687337589696457,0.0288585869248745,0.0470265109913465,0.188397406093002,0.0483799062943202
"793",0.641372590618841,0.0715195151210669,0.0792597097150612,0.184141980538773,0.0237062040062579
"794",0.427799866510263,0.267539266951618,0.121864414021867,0.126215273069041,0.0565811794472097
"795",0.582008149609424,0.0663129296474136,0.136321869790898,0.180947786631995,0.0344092643202691
"796",0.602001873084896,0.0728792869743176,0.204488239223318,0.0729750429804066,0.0476555577370624
"797",0.655703534634444,0.0399167602562509,0.0655988789828981,0.200464598600461,0.0383162275259462
"798",0.463562873991419,0.128022861033903,0.1927281803094,0.15684194732904,0.0588441373362372
"799",0.544926414011362,0.0394262535785674,0.249913994929237,0.119066835001806,0.0466665024790273
"800",0.535237117145309,0.0272584973149114,0.283034726403849,0.0847724896943634,0.0696971694415676
"801",0.652864732318293,0.0813943107167341,0.0838877971805242,0.124647189422419,0.0572059703620296
"802",0.485075491063239,0.187415964002491,0.133542329070552,0.107535201952366,0.0864310139113527
"803",0.702247140724638,0.058824680992723,0.122500246628757,0.0641071487263576,0.052320782927524
"804",0.683210247197945,0.0702086622061748,0.0718628056977515,0.100029221926827,0.0746890629713023
"805",0.759255013882382,0.0581109870547765,0.0403571425358726,0.108811333893185,0.0334655226337845
"806",0.418357367235809,0.0187632064296887,0.381259257816651,0.152695644025577,0.0289245244922742
"807",0.632308146475713,0.0572302278683137,0.0881592756027332,0.195799324999508,0.0265030250537325
"808",0.628159036257274,0.105007036397697,0.0924934834412268,0.135167224032987,0.0391732198708154
"809",0.633065155604038,0.0575924581787189,0.157150448955879,0.103566390200546,0.0486255470608182
"810",0.581317801532979,0.0747104484403845,0.163148373878506,0.122467673311412,0.0583557028367176
"811",0.610853191610923,0.171745491112614,0.0714417624609197,0.107796528355637,0.0381630264599063
"812",0.577997301820856,0.0990476740543008,0.117882770528629,0.165432097562816,0.0396401560333983
"813",0.858304693344626,0.00627715620845647,0.016475830758035,0.110186125152973,0.00875619453590968
"814",0.677073371716713,0.0874656912218821,0.0766909582405716,0.111759146320649,0.0470108325001843
"815",0.59373553003875,0.110196468449945,0.100201030567006,0.105854597761274,0.0900123731830247
"816",0.619780430142457,0.0234172521976664,0.10502237625679,0.213618197683084,0.0381617437200029
"817",0.548381583980382,0.0559799137397625,0.31223789847174,0.0532858525837143,0.030114751224401
"818",0.583103940722551,0.0252134439108477,0.155099693872114,0.183119123009807,0.0534637984846807
"819",0.628320404331342,0.0562612510802988,0.104994927916285,0.128780541896894,0.0816428747751811
"820",0.478445077861417,0.0311457640037831,0.359701292368501,0.092041283884442,0.0386665818818563
"821",0.488101458496779,0.0606636723111121,0.20321638453707,0.13517090803281,0.112847576622228
"822",0.831242889550544,0.0152132153257918,0.0304951223598547,0.103012689424848,0.0200360833389607
"823",0.728966018252813,0.0410096161917487,0.062069096336128,0.157495538268822,0.0104597309504879
"824",0.682840835557591,0.0332253279528364,0.0358275976591227,0.206440047618443,0.0416661912120071
"825",0.410773030820359,0.164209549136862,0.253761774286685,0.103340049419843,0.0679155963362515
"826",0.788531535171822,0.0166400673962758,0.0451437646367161,0.110370723181494,0.0393139096136927
"827",0.600942721411184,0.0235645466492695,0.219886615348859,0.133924996562573,0.0216811200281149
"828",0.508782365175367,0.285231838021827,0.083532856960957,0.066177138961313,0.0562758008805362
"829",0.660173446070816,0.118668930048294,0.0609686057737815,0.122514805507594,0.0376742125995149
"830",0.656664080847209,0.0886564686897708,0.106021395971986,0.115691058206189,0.0329669962848449
"831",0.55857508599969,0.0717230401051114,0.185210799958797,0.133353751944884,0.0511373219915173
"832",0.753070450822478,0.034681581576302,0.0725110395448995,0.109971859198388,0.0297650688579321
"833",0.563260032103118,0.143307968071787,0.0814740344726292,0.156172068991866,0.0557858963606011
"834",0.630229559409975,0.0244848759159468,0.0985604662425263,0.225324862427173,0.0214002360043782
"835",0.659780160516926,0.0474091356323195,0.0634604884562254,0.193260119255122,0.0360900961394075
"836",0.519855510854577,0.108692375126118,0.103286091116555,0.252966621182548,0.0151994017202026
"837",0.460736473388972,0.031563986217067,0.262467102642307,0.14203081455592,0.103201623195734
"838",0.684323330354524,0.0940368025894218,0.0393375270507683,0.129276787918205,0.0530255520870813
"839",0.668470479083932,0.0805764918057011,0.0961962303796579,0.109871865210432,0.0448849335202764
"840",0.633852005683872,0.124654705565984,0.142112803293932,0.066454194670206,0.0329262907860051
"841",0.814068653930228,0.0186065633941897,0.0423090531056388,0.0944557130833769,0.0305600164865666
"842",0.726916620269085,0.0206780579423205,0.0972159956810962,0.137304703077594,0.0178846230299042
"843",0.692793752997157,0.039691818589105,0.0734023932560682,0.141985685854941,0.0521263493027293
"844",0.592860063087271,0.025826409245184,0.126421117356436,0.234180395515321,0.0207120147957882
"845",0.424810429261298,0.061730780212969,0.326596986321523,0.134202925522873,0.0526588786813374
"846",0.514357314169845,0.275818880948535,0.122185348026325,0.0550899564357852,0.0325485004195097
"847",0.49245833517955,0.188085680746144,0.133451689275158,0.155641471740353,0.0303628230587937
"848",0.607953200957219,0.061082375469386,0.0306703798936608,0.237248912667401,0.0630451310123336
"849",0.683943590595797,0.0180117580298422,0.0189599362493271,0.266925663221448,0.0121590519035858
"850",0.535211943179607,0.11356754639605,0.1010961131471,0.182190055067588,0.0679343422096547
"851",0.515334998016367,0.169980451593095,0.160022203007274,0.118247207700563,0.0364151396827004
"852",0.664080309119755,0.107089928595402,0.0842657415274962,0.10922707445342,0.0353369463039265
"853",0.349322231881467,0.12253977755611,0.314386964755907,0.141624970007413,0.0721260557991027
"854",0.723619866927273,0.0426385911731352,0.0407594843111674,0.163789060677201,0.0291929969112232
"855",0.570170272779492,0.170929266911055,0.109043835439763,0.10625888283114,0.0435977420385506
"856",0.650226942969299,0.0664901088305421,0.0801817202769246,0.145695681135835,0.0574055467873994
"857",0.676458164746637,0.0204183302291628,0.074250303719913,0.187759619163498,0.0411135821407892
"858",0.711497231103922,0.0202235466593072,0.0735186029415452,0.142379221321154,0.052381397974071
"859",0.644557547461505,0.0509641724482329,0.209012086804436,0.0730211203182645,0.0224450729675615
"860",0.558634870323586,0.147113335532625,0.0517686655167751,0.196466530812373,0.04601659781464
"861",0.746178944396714,0.0406081519558321,0.0639357298365403,0.127444369138284,0.0218328046726295
"862",0.685869063929082,0.0650440298207877,0.0363531152425176,0.174448760813224,0.038285030194389
"863",0.607668467744532,0.062458765661735,0.117645781575454,0.148963747638559,0.0632632373797195
"864",0.778550414622976,0.0337429529522125,0.0708994100946593,0.072886117143818,0.043921105186334
"865",0.542487899306755,0.0684190358490413,0.185372437955601,0.18589870562889,0.017821921259713
"866",0.495915510035162,0.159198573735859,0.216946141150714,0.0750418480466437,0.0528979270316209
"867",0.794165358172153,0.0421615218389633,0.0315818138689967,0.117740843486047,0.0143504626338404
"868",0.765217608938473,0.0330057522963655,0.0596908017172053,0.0945044680485207,0.0475813689994357
"869",0.668830400883766,0.0353031685023542,0.113377377251804,0.106258326415718,0.076230726946357
"870",0.772625993777376,0.0408632260756957,0.0225980034505534,0.148245302945009,0.0156674737513665
"871",0.633934999261727,0.100397400577568,0.068634747497769,0.164178292121602,0.032854560541334
"872",0.444272840551181,0.0284470391526358,0.322225894066703,0.0752352755824325,0.129818950647048
"873",0.671342183747809,0.0704984855361244,0.0687678499679109,0.158309155610255,0.0310823251379008
"874",0.504721364903912,0.114075139067498,0.138316709265611,0.15876102987029,0.0841257568926895
"875",0.576810758057863,0.0520299226714407,0.194917269759929,0.127414442047314,0.0488276074634527
"876",0.692769740842416,0.0471566991720746,0.109298591746756,0.111818547541703,0.0389564206970501
"877",0.595007923495544,0.0600419734699112,0.132289733208725,0.180411316935172,0.0322490528906482
"878",0.696563584480365,0.0320340858524382,0.0646520490672238,0.16158752967039,0.0451627509295826
"879",0.689917454031536,0.0378340614920882,0.0704822670642568,0.15978525451663,0.0419809628954897
"880",0.732593332687628,0.0504975246275034,0.0635738696232973,0.112756670658184,0.0405786024033872
"881",0.577424843487533,0.0653591833314006,0.160592471492348,0.154009243430873,0.0426142582578454
"882",0.496447153599111,0.141290486869686,0.169754992948734,0.126464461196473,0.0660429053859954
"883",0.67990639425527,0.040705682570939,0.121951101247292,0.126060885171472,0.0313759367550273
"884",0.609392621489692,0.133621868045016,0.0824909139254853,0.140555202998375,0.0339393935414317
"885",0.745172783761095,0.0183960765186281,0.0803681091684788,0.144556158502732,0.0115068720490661
"886",0.745152191013522,0.0316650220805908,0.0512479396636446,0.122969015956871,0.0489658312853719
"887",0.55389869804495,0.196411467045504,0.0835670014590974,0.136589223144233,0.0295336103062164
"888",0.509442813245334,0.103678550034043,0.201446567175488,0.157562788154922,0.027869281390212
"889",0.563731099701577,0.11549929529819,0.198134687087337,0.0981806128591459,0.02445430505375
"890",0.678011099901969,0.0227453462838021,0.111817205155162,0.150972557575236,0.0364537910838307
"891",0.588801968682349,0.0119067302107618,0.188988593713363,0.193167766201995,0.017134941191531
"892",0.585536695500996,0.0484853967834147,0.1851946847875,0.163277676563969,0.01750554636412
"893",0.648175589089361,0.0962665882445785,0.0545158110677795,0.130688679607038,0.0703533319912429
"894",0.736765130691598,0.0297743667151728,0.0302375617486097,0.185563144021969,0.0176597968226504
"895",0.677784503956214,0.0628439043918978,0.109106023958165,0.124438577534994,0.0258269901587294
"896",0.503069963634686,0.0415146574762474,0.226976351748295,0.115593922901819,0.112845104238953
"897",0.700989125135237,0.0394488306158467,0.0734669506537806,0.112040771952829,0.074054321642306
"898",0.650119730586035,0.0459672932851237,0.0971161909776464,0.185259171434194,0.0215376137170013
"899",0.558821700965819,0.140068430028999,0.141999540837946,0.141424283361355,0.0176860448058808
"900",0.774653551596825,0.0250193034098486,0.0710715294133965,0.114774174672381,0.0144814409075485
